partner_helped_last,agent_helping_rate,human_helping_rate
No,0.05251739100489015,0.05823322590096689
Yes,0.03592209665785044,0.30286493860845837
