backpack_size,agent_helping_rate,human_helping_rate
3,0.03319197520795955,0.061921216309606085
4,0.048971066068389295,0.07031554343591741
5,0.0511135762437068,0.10559277599766968
