partner_helped_last,agent_helping_rate,human_helping_rate
No,0.0484802640627149,0.05823322590096689
Yes,0.053396449704142014,0.30286493860845837
