energy_bin,agent_helping_rate,human_helping_rate
0-10,0.019115890083632018,0.05061777600637704
10-20,0.025182239893969515,0.082687338501292
20-30,0.007240204429301534,0.04407951598962835
30-40,0.014295439074200136,0.07623318385650224
40-50,0.03496332518337408,0.04701890450799806
50-60,0.053597295992274266,0.06422478675363773
60-70,0.06413365669630827,0.06516587677725119
70-80,0.12440828402366864,0.0773109243697479
80-90,0.008359872611464968,0.09403889065986612
90-100,0.0,0.13971539456662355
