partner_helped_last,agent_helping_rate,human_helping_rate
No,0.047006635353761275,0.05823322590096689
Yes,0.019545501928489525,0.30286493860845837
