backpack_size,agent_helping_rate,human_helping_rate
3,0.027601883422633543,0.061921216309606085
4,0.036162247694029565,0.07031554343591741
5,0.03784657254635142,0.10559277599766968
