backpack_size,agent_helping_rate,human_helping_rate
3,0.05880390357828009,0.061921216309606085
4,0.06764889792090042,0.07031554343591741
5,0.06934946519375768,0.10559277599766968
