backpack_size,agent_helping_rate,human_helping_rate
3,0.02391736193881605,0.061921216309606085
4,0.03728748806112703,0.07031554343591741
5,0.03944659474594416,0.10559277599766968
