partner_helped_last,agent_helping_rate,human_helping_rate
No,0.028858133818230797,0.05823322590096689
Yes,0.04239366217108365,0.30286493860845837
