backpack_size,agent_helping_rate,human_helping_rate
3,0.043227899432279,0.061921216309606085
4,0.05356248314130477,0.07031554343591741
5,0.05155935613682092,0.10559277599766968
