distance_bin,agent_helping_rate,human_helping_rate
0-2,0.17436005035669325,0.08085328559707615
3-5,0.11361014994232987,0.08286882199925678
6-10,0.21215900233826968,0.07970440749538137
11+,0.004155282331511839,0.0592071391796808
