distance_bin,agent_helping_rate,human_helping_rate
0-2,0.1396702230843841,0.08085328559707615
3-5,0.2315035799522673,0.08286882199925678
6-10,0.1751998001998002,0.07970440749538137
11+,0.004697673140847779,0.0592071391796808
