energy_bin,agent_helping_rate,human_helping_rate
0-10,0.0564,0.05061777600637704
10-20,0.07232191408374117,0.082687338501292
20-30,0.05118924508790072,0.04407951598962835
30-40,0.07785299806576403,0.07623318385650224
40-50,0.045774647887323945,0.04701890450799806
50-60,0.03747323340471092,0.06422478675363773
60-70,0.032263044149428835,0.06516587677725119
70-80,0.028946956657800033,0.0773109243697479
80-90,0.04840501507697191,0.09403889065986612
90-100,0.06887925283522348,0.13971539456662355
