partner_helped_last,agent_helping_rate,human_helping_rate
No,0.05992982456140351,0.05823322590096689
Yes,0.0741590587316311,0.30286493860845837
