distance_bin,agent_helping_rate,human_helping_rate
0-2,0.192481884057971,0.08085328559707615
3-5,0.22000885347498894,0.08286882199925678
6-10,0.23204591282767179,0.07970440749538137
11+,0.010708011488803994,0.0592071391796808
