partner_helped_last,agent_helping_rate,human_helping_rate
No,0.05997849238561071,0.05823322590096689
Yes,0.04785762000190858,0.30286493860845837
