partner_helped_last,agent_helping_rate,human_helping_rate
No,0.03622237569060773,0.05823322590096689
Yes,0.03200646787463737,0.30286493860845837
