backpack_size,agent_helping_rate,human_helping_rate
3,0.030195065467177342,0.061921216309606085
4,0.03623580313683072,0.07031554343591741
5,0.039635280982508375,0.10559277599766968
