backpack_size,agent_helping_rate,human_helping_rate
3,0.044906990084405476,0.061921216309606085
4,0.05700703408827394,0.07031554343591741
5,0.06055688418175607,0.10559277599766968
