distance_bin,agent_helping_rate,human_helping_rate
0-2,0.5877862595419847,0.08085328559707615
3-5,1.0,0.08286882199925678
6-10,0.01229946524064171,0.07970440749538137
11+,0.03875564824469934,0.0592071391796808
