backpack_size,agent_helping_rate,human_helping_rate
3,0.027445070199095742,0.061921216309606085
4,0.029597986116408573,0.07031554343591741
5,0.02556119941012617,0.10559277599766968
