partner_helped_last,agent_helping_rate,human_helping_rate
No,0.027774023516691445,0.05823322590096689
Yes,0.028551434569629112,0.30286493860845837
