backpack_size,agent_helping_rate,human_helping_rate
3,0.033428390367553865,0.06657750037152622
4,0.03990072546773578,0.07530769765663027
5,0.036762281569403234,0.11221173193004179
