backpack_size,agent_helping_rate,human_helping_rate
3,0.043499752842313395,0.06657750037152622
4,0.05683271951928669,0.07530769765663027
5,0.05864250299196444,0.11221173193004179
