patchUniformity,agent_helping_rate,human_helping_rate
Uniform,0.03519662311058692,0.07335295449400045
Non-uniform,0.08878934068458534,0.0969403211148137
