backpack_size,agent_helping_rate,human_helping_rate
3,0.05574535455378719,0.06657750037152622
4,0.07678417209704012,0.07530769765663027
5,0.07689603655857281,0.11221173193004179
