distance_bin,agent_helping_rate,human_helping_rate
0-2,0.13876605601179196,0.09446623093681918
3-5,0.23679332715477294,0.08286882199925678
6-10,0.18460229689493832,0.07970440749538137
11+,0.005831067253511256,0.0592071391796808
