backpack_size,agent_helping_rate,human_helping_rate
3,0.06479902557856272,0.06657750037152622
4,0.07206443408223824,0.07530769765663027
5,0.06726645926175061,0.11221173193004179
