distance_bin,agent_helping_rate,human_helping_rate
0-2,0.07673764564081961,0.09446623093681918
3-5,0.042140468227424746,0.08286882199925678
6-10,0.046518474900633,0.07970440749538137
11+,0.0008386681949064885,0.0592071391796808
