patchUniformity,agent_helping_rate,human_helping_rate
Uniform,0.04394324763276438,0.07335295449400045
Non-uniform,0.02615628242232294,0.0969403211148137
