patchUniformity,agent_helping_rate,human_helping_rate
Uniform,0.0476438666952816,0.07335295449400045
Non-uniform,0.08053802723347725,0.0969403211148137
