backpack_size,agent_helping_rate,human_helping_rate
3,0.014764248293379901,0.06657750037152622
4,0.015235985947762334,0.07530769765663027
5,0.01665714052421001,0.11221173193004179
