distance_bin,agent_helping_rate,human_helping_rate
0-2,0.19220890410958905,0.09446623093681918
3-5,0.2558052434456929,0.08286882199925678
6-10,0.24901544986367768,0.07970440749538137
11+,0.007877399026067029,0.0592071391796808
