backpack_size,agent_helping_rate,human_helping_rate
3,0.060919160191767234,0.06657750037152622
4,0.07545259879306988,0.07530769765663027
5,0.07130479986137585,0.11221173193004179
