backpack_size,agent_helping_rate,human_helping_rate
3,0.046549479166666664,0.06657750037152622
4,0.06349514563106796,0.07530769765663027
5,0.06302195436934997,0.11221173193004179
