patchUniformity,agent_helping_rate,human_helping_rate
Uniform,0.039187272615156934,0.07335295449400045
Non-uniform,0.12396321164588388,0.0969403211148137
