patchUniformity,agent_helping_rate,human_helping_rate
Uniform,0.045953339685857436,0.07335295449400045
Non-uniform,0.1109458995768043,0.0969403211148137
