backpack_size,agent_helping_rate,human_helping_rate
3,0.056297865406550435,0.06657750037152622
4,0.07249787792267921,0.07530769765663027
5,0.07313773568952397,0.11221173193004179
