distance_bin,agent_helping_rate,human_helping_rate
0-2,0.2233372228704784,0.09446623093681918
3-5,0.27652259332023577,0.08286882199925678
6-10,0.20645512733215307,0.07970440749538137
11+,0.010975106587814606,0.0592071391796808
