backpack_size,agent_helping_rate,human_helping_rate
3,0.04111226197115768,0.06657750037152622
4,0.0647189632696879,0.07530769765663027
5,0.06680497925311203,0.11221173193004179
