patchUniformity,agent_helping_rate,human_helping_rate
Uniform,0.009964238774948803,0.07335295449400045
Non-uniform,0.02527844507534396,0.0969403211148137
