patchUniformity,agent_helping_rate,human_helping_rate
Uniform,0.041141793360223396,0.07335295449400045
Non-uniform,0.09257877518223039,0.0969403211148137
